{
  "info" : {
    "version" : 1,
    "author" : "xcode"
  },
  "properties" : {
    "rotation" : [
      0,
      0.99999994039535522,
      0,
      -0.94489055871963501
    ],
    "content" : "trackingData.cv3dmap",
    "translation" : [
      -0.0003560185432434082,
      0.042515069246292114,
      -0.0037260055541992188
    ],
    "version" : 1
  }
}